period,daten,open_BTC_USD,volume_BTC_USD,open__GSPC,volume__GSPC,open__IXIC,volume__IXIC,open_JPM,volume_JPM,open_BAC,volume_BAC,open_WFC,volume_WFC,open_C,volume_C,open_GS,volume_GS,open_MS,volume_MS,open_USB,volume_USB,open_PNC,volume_PNC,open_TFC,volume_TFC,open_COF,volume_COF,open_FITB,volume_FITB,open_KEY,volume_KEY,open_RF,volume_RF,open_HBAN,volume_HBAN,open_MTB,volume_MTB,open_DFS,volume_DFS,open_FRC,volume_FRC,open_SIVB,volume_SIVB,open_ZION,volume_ZION,open_ALLY,volume_ALLY,month,day,banks_crisis,l_BTC,l_SP500,l_NQ,l_BTC_sh,l_SP500_sh,l_NQ_sh,id,av_banks,l_av_banks,l_av_banks_sh
01jan2023,01jan2023,16547.914063,9244361700,,,,,,,,,,,,,,,,,,,,,,,,,,,,,,,,,,,,,,,,,,,,,1,1,0,9.714015,,,,,,1,,,
02jan2023,02jan2023,16625.509766,12097775227,,,,,,,,,,,,,,,,,,,,,,,,,,,,,,,,,,,,,,,,,,,,,1,2,0,9.7186937,,,.0046787262,,,2,,,
03jan2023,03jan2023,16688.847656,13903079207,3853.290039,3959140000,10562.05957,4780650000,135.240005,11054800,33.23,35221500,41.610001,15944300,45.75,19564000,345.5,1589700,85.639999,5108900,44.200001,12795900,159.649994,1650600,43.419998,7269700,92.660004,2619400,33.189999,5347800,17.629999,12443700,21.77,7741300,14.29,13366800,145,874400,98.80000299999999,2155700,,,232.169998,764645,48.68,1175800,24.25,5278600,1,3,0,9.722496,8.2566824,9.2650232,.0038022995,,,3,1662.6802,7.4161863,
04jan2023,04jan2023,16680.205078,18421743322,3840.360107,4414080000,10467.820313,5085380000,135.990005,11687600,33.900002,41998500,42.259998,18943600,46.540001,21507200,348.029999,1881000,85.55000299999999,7726800,45.110001,16338400,161.600006,2107600,44.119999,8611400,94.55999799999999,3177500,33.040001,5727800,17.84,8698800,21.799999,7857300,14.25,12374200,146.600006,1071000,98.55999799999999,3209100,,,230.100006,854687,49.080002,1689000,24.940001,6177200,1,4,0,9.7219782,8.2533216,9.2560616,-.00051784515,-.0033607483,-.0089616776,4,1673.87,7.4228935,.0067071915
05jan2023,05jan2023,16863.472656,13692758566,3839.73999,3893450000,10390.30957,4764270000,135.660004,8381300,33.919998,34177000,42.580002,12380700,46.700001,12314900,344.25,1397800,85.900002,5339900,45.860001,8364000,160.960007,2173900,44.139999,7688700,92.5,3406400,33.34,5021300,17.940001,8867400,21.73,5704400,14.27,11069800,146.179993,1175800,100.239998,2477800,,,235.710007,985262,49.740002,867800,24.32,5281200,1,5,0,9.7329054,8.2531595,9.2486286,.0109272,-.00016212463,-.0074329376,5,1675.9398,7.4241295,.0012359619
06jan2023,06jan2023,16836.472656,14413662913,3823.370117,3923560000,10363.959961,5199780000,136.130005,10029100,34.09,34068700,42.59,15247000,47.060001,16736300,347.299988,3097800,86.44000199999999,5710900,46,8198300,162.5,2250100,44.369999,5326200,94.31999999999999,3668600,33.439999,7190500,17.959999,8378400,21.809999,5829400,14.34,12433600,147.490005,1269400,99.58000199999999,2212600,,,237.119995,1017532,49.830002,1363700,25.25,6249600,1,6,0,9.7313032,8.248888,9.2460899,-.0016021729,-.0042715073,-.002538681,6,1687.6198,7.4310746,.0069451332
07jan2023,07jan2023,16952.117188,7714767174,,,,,,,,,,,,,,,,,,,,,,,,,,,,,,,,,,,,,,,,,,,,,1,7,0,9.7381477,,,.0068445206,,,7,,,
08jan2023,08jan2023,16954.146484,9768827914,,,,,,,,,,,,,,,,,,,,,,,,,,,,,,,,,,,,,,,,,,,,,1,8,0,9.7382679,,,.00012016296,,,8,,,
09jan2023,09jan2023,17093.992188,18624736866,3910.820068,4311770000,10662.099609,5132190000,138.600006,8482300,34.75,43818800,43.119999,21225600,47.889999,16745500,351.880005,1989000,88.25,5039700,46.41,13170700,164.949997,2473700,46.240002,8979000,97.839996,4384000,34.630001,3607400,18.32,8958600,22.290001,6034100,14.63,12233800,150.190002,1148600,103.910004,2551200,,,247.960007,1102929,51.630001,902700,26.540001,8136000,1,9,0,9.7464819,8.2715025,9.2744503,.0082139969,,,9,1730.0299,7.455894,
10jan2023,10jan2023,17192.949219,15808338949,3888.570068,3851030000,10607.719727,4710680000,137.789993,9048700,33.740002,35096000,42.669998,18348800,47.560001,12429900,352.640015,1610100,87.55000299999999,4536600,46.75,13631800,163.490005,2139900,45.849998,8294700,96.599998,3196000,34.279999,2802900,18.190001,6681400,21.91,5741000,14.41,9339200,149.220001,1400500,103.809998,2203600,,,246.460007,547669,50.889999,878800,25.799999,5002000,1,10,0,9.7522545,8.2657967,9.2693377,.0057725906,-.0057058334,-.005112648,10,1719.6101,7.4498529,-.00604105
11jan2023,11jan2023,17446.359375,18372283782,3932.350098,4303360000,10794.990234,5284390000,138.899994,8703700,34.119999,36783700,42.380001,18272100,48.209999,17143700,358.869995,2127000,89.370003,6122600,46.91,8704900,165.119995,3197900,46.330002,10156000,99.230003,4095000,34.740002,5001400,18.219999,8601500,22.1,6590500,14.48,11205900,148.779999,1062900,105.510002,2633800,,,255.309998,745718,51.290001,697500,26.940001,7420700,1,11,0,9.7668867,8.2769928,9.2868376,.014632225,.011196136,.017499924,11,1746.8099,7.4655466,.015693665
12jan2023,12jan2023,18117.59375,34971338710,3977.570068,4440260000,10969.259766,5681240000,140,11001700,34.599998,44230400,43.049999,20940400,49.060001,16287800,366.23999,2103100,90.01999699999999,7895600,47.450001,8934000,167,2169700,46.759998,6183000,102.620003,2581700,34.459999,4210200,18.440001,9545600,22.290001,5318800,14.6,10520600,150.309998,1052100,108.150002,2006800,,,259.190002,843449,51.580002,1295200,27.440001,7257400,1,12,0,9.8046389,8.2884264,9.3028517,.037752151,.011433601,.016014099,12,1773.2599,7.4805751,.015028477
13jan2023,13jan2023,18868.90625,29225029694,3960.600098,3939700000,10906.370117,5077990000,135.600006,20200000,34.200001,89667800,41.380001,41649700,48.509998,28037000,363.48999,3310200,89.02999899999999,8414600,46.869999,8150600,164.75,4379400,46.709999,8241600,99.410004,3229300,34.330002,4618800,18.040001,11329400,22,9809000,14.49,18410700,147.669998,1413300,104.110001,1737200,,,248.059998,1100337,50.68,1018700,26.59,4446200,1,13,0,9.8452711,8.2841511,9.297102,.040632248,-.004275322,-.0057497025,13,1735.9202,7.4592929,-.021282196
14jan2023,14jan2023,19910.537109,38967784639,,,,,,,,,,,,,,,,,,,,,,,,,,,,,,,,,,,,,,,,,,,,,1,14,0,9.899004,,,.053732872,,,14,,,
15jan2023,15jan2023,20977.484375,19298407543,,,,,,,,,,,,,,,,,,,,,,,,,,,,,,,,,,,,,,,,,,,,,1,15,0,9.9512053,,,.052201271,,,15,,,
16jan2023,16jan2023,20882.224609,26792494050,,,,,,,,,,,,,,,,,,,,,,,,,,,,,,,,,,,,,,,,,,,,,1,16,0,9.9466534,,,-.0045518875,,,16,,,
17jan2023,17jan2023,21175.833984,24999983362,3999.280029,4235560000,11070,5138410000,141.169998,14292900,34.689999,56458400,43.84,25473900,49.860001,28193500,364.799988,14448300,95.900002,27914300,47.580002,10150000,163.130005,3608200,47.529999,10012800,103,3493400,34.619999,4747800,18.129999,10854600,22.370001,6397000,14.54,17971600,149.380005,1112600,106.300003,2442800,,,254.080002,898463,51.150002,1674600,27.059999,4467700,1,17,0,9.9606161,8.29387,9.3119936,.013962746,,,17,1769.1301,7.4782434,
18jan2023,18jan2023,21161.050781,30005625418,4002.25,4298710000,11170.950195,5288630000,138.919998,13392600,34.330002,54517800,43.959999,20278000,50.240002,18952000,348.320007,5585200,96.80000299999999,14134800,47.029999,8376700,152.490005,6677800,46.720001,7793400,103.349998,2670900,33.779999,8835100,17.860001,21140800,22.280001,8585400,14.41,16754200,149.020004,1264700,105.389999,4751000,,,258.959991,997496,50.549999,1804500,27,4656000,1,18,0,9.9599171,8.2946119,9.3210716,-.00069904327,.00074195862,.0090780258,18,1741.41,7.4624505,-.015792847
19jan2023,19jan2023,20686.746094,21152848261,3911.840088,3991500000,10890.400391,4660800000,135.320007,13303400,33.279999,42707100,42.91,18565300,48.650002,14869100,346.029999,3100400,94.610001,13457100,45.400002,9136600,150.5,5764300,46.110001,9714100,97.30999799999999,5115500,32.360001,10245300,17.030001,25026600,21.48,12621000,13.95,24312500,148.169998,3522100,95.55000299999999,8727600,,,246.050003,1576560,47.709999,1830200,26.120001,12431600,1,19,0,9.9372482,8.2717628,9.2956371,-.022668839,-.022849083,-.025434494,19,1688.54,7.4316196,-.03083086
20jan2023,20jan2023,21085.373047,28799154319,3909.040039,4013360000,10924.660156,5980110000,135.160004,13092500,33.299999,45004400,43.080002,23237200,49.68,19957300,349.869995,11247200,94.12999699999999,10785000,45.75,8030400,148.440002,4166500,47.82,9187900,99.05000299999999,4136700,33.630001,6921500,16.59,19077000,22.76,14212500,14.17,24914200,155.380005,2094400,101.910004,4965500,,,286.660004,3090876,49.849998,2453900,28.809999,33633300,1,20,0,9.9563351,8.2710466,9.2987776,.019086838,-.00071620941,.0031404495,20,1756.0402,7.4708166,.039196968
21jan2023,21jan2023,22677.427734,32442278429,,,,,,,,,,,,,,,,,,,,,,,,,,,,,,,,,,,,,,,,,,,,,1,21,0,10.029125,,,.072790146,,,21,,,
22jan2023,22jan2023,22777.986328,24746386230,,,,,,,,,,,,,,,,,,,,,,,,,,,,,,,,,,,,,,,,,,,,,1,22,0,10.03355,,,.0044250488,,,22,,,
23jan2023,23jan2023,22721.087891,26518700512,3978.139893,3945210000,11171.94043,5997810000,135.119995,10487100,33.810001,33683300,43.939999,19692000,51.049999,18531200,341.670013,4915700,95.870003,8735300,46.68,8136000,155.220001,2433200,48.200001,7514100,104.290001,3567400,34.75,5919600,17.5,13967400,22.83,10372500,14.18,20103700,154.559998,1182500,106.419998,3631500,,,294.730011,1810326,51.599998,2942500,31.639999,12039300,1,23,0,10.031049,8.2885695,9.3211603,-.0025014877,,,23,1784.0601,7.4866471,
24jan2023,24jan2023,22929.626953,26405069715,4001.73999,3320430000,11302.929688,5670860000,136.419998,6945000,34.220001,26716700,44.91,13697200,51.419998,13303200,340,2372000,96.27999899999999,4801600,47.75,12459200,159.729996,1631600,51.259998,5204000,105.760002,3621400,35.5,6585800,18.07,9379100,22.99,7757900,14.76,11088500,154.940002,981400,109.25,2313300,,,294.640015,1053854,52.060001,3637800,32.5,6832200,1,24,0,10.040185,8.2944841,9.3328171,.0091362,.0059146881,.011656761,24,1802.46,7.4969077,.010260582
25jan2023,25jan2023,22639.267578,30685366709,3982.709961,3724020000,11146.530273,5485570000,138.050003,8967000,34.299999,28859700,44.049999,17285300,50.849998,20719000,344.75,1985200,94.87999699999999,5891000,46.91,12238500,157.220001,2227500,47.970001,5047500,104.940002,10490300,34.939999,5329500,17.74,13523500,22.76,6279600,14.61,13122500,154.210007,1010400,110.379997,3578500,,,282.899994,833787,50.82,2775900,30.860001,8352400,1,25,0,10.027441,8.2897177,9.3188839,-.01274395,-.0047664642,-.013933182,25,1783.1398,7.4861312,-.01077652
26jan2023,26jan2023,23108.955078,26357839322,4036.080078,3809590000,11458.400391,5732890000,139.419998,7487600,35.049999,30035500,45.529999,16724600,52.080002,22393300,351.730011,1919200,96.220001,6085100,49.68,8316100,161.020004,1397200,49.09,5506600,116.5,4884000,36,5715200,18.469999,14184200,23.049999,5572300,14.89,11508700,156.820007,892000,115.489998,3146100,,,300,666697,52.610001,1355600,32.790001,6192600,1,26,0,10.047976,8.3030291,9.3464785,.020534515,.013311386,.027594566,26,1846.4401,7.5210147,.034883499
27jan2023,27jan2023,23030.716797,25383335641,4053.719971,3907760000,11470.469727,6243800000,140.610001,7489900,35.439999,29964900,45.810001,18161800,51.959999,18294000,351.950012,2427400,96.410004,7990800,48.619999,6568200,161.990005,2046900,48.91,4150500,117.32,3612200,35.98,3644200,18.73,18064100,23.25,5107300,14.92,11921800,154.830002,849100,115.690002,2438900,,,293.630005,664906,52.200001,1709300,32.5,4868300,1,27,0,10.044584,8.3073902,9.3475313,-.0033912659,.0043611526,.0010528564,27,1840.7499,7.5179281,-.0030865669
28jan2023,28jan2023,23079.964844,14712928379,,,,,,,,,,,,,,,,,,,,,,,,,,,,,,,,,,,,,,,,,,,,,1,28,0,10.046721,,,.0021362305,,,28,,,
29jan2023,29jan2023,23031.449219,27423687259,,,,,,,,,,,,,,,,,,,,,,,,,,,,,,,,,,,,,,,,,,,,,1,29,0,10.044616,,,-.0021047592,,,29,,,
30jan2023,30jan2023,23774.648438,27205595568,4049.27002,3802000000,11512.339844,5122320000,139.229996,6729300,35.209999,27353500,45.91,19427400,51.439999,11126200,353.290009,3184500,95.02999899999999,5870100,48.57,5943200,162.190002,1947100,48.400002,4868800,116.440002,4310700,35.790001,3918700,18.82,9953500,23.24,5910800,14.94,9499000,153.919998,1143500,116.300003,2365100,,,295.920013,634982,53.07,1212100,31.889999,4744500,1,30,0,10.076375,8.3062916,9.3511744,.031759262,,,30,1839.6001,7.5173035,
31jan2023,31jan2023,22840.796875,22837828665,4020.850098,4679320000,11398.580078,5695150000,139.880005,9188700,35.169998,38917400,46.32,22840400,51.860001,34823400,359.160004,2311500,96.29000099999999,7182100,48.84,7714000,163,2295100,48.259998,5962200,116.07,4298500,35.880001,11324700,18.780001,17879100,23.27,7184100,14.83,29536400,153.789993,1384600,114.779999,2206800,,,293.959991,738529,52.27,1020700,31.42,5112300,1,31,0,10.036304,8.2992487,9.3412437,-.040071487,-.0070428848,-.0099306107,31,1843.8301,7.5196004,.0022969246
01feb2023,01feb2023,23137.835938,26683255504,4070.070068,4856930000,11573.139648,6336040000,138.210007,8841800,35.200001,44438700,46.66,21874600,51.540001,22111900,359.100006,2889400,96.949997,9815200,49.240002,7611100,163.850006,1844200,48.950001,8539100,113,6732300,35.799999,5609300,18.98,22524900,23.33,8606400,15,16821200,153.970001,2280200,112.949997,3899100,,,300.690002,1177025,52.869999,1329800,31.879999,8290200,2,1,0,10.049225,8.3114157,9.3564425,.012921333,.012166977,.015198708,32,1848.1698,7.5219512,
02feb2023,02feb2023,23720.824219,32066936882,4158.680176,5624360000,12065.150391,7038210000,140,11822100,36.099998,33729100,47.32,19058000,52.580002,22331700,368,2619600,98.87999699999999,11118900,49.470001,6819800,165.5,1930100,50.049999,6484800,118.199997,5893500,37.060001,6805900,19.940001,22094200,23.91,6070600,15.3,16912900,155.479996,1713700,116.639999,3374900,,,322.970001,2127346,53.93,1098200,34.18,10466600,2,2,0,10.074108,8.3329535,9.3980761,.02488327,.021537781,.041633606,33,1905.5101,7.552505,.030553818
03feb2023,03feb2023,23469.412109,27083066007,4136.689941,4694510000,11946.860352,5954490000,138.179993,11501200,36.02,37411700,47,17346900,51.02,20050600,365.619995,2243100,98.239998,6948600,48.82,6579400,164.699997,1507700,49.790001,6504900,118.790001,3205700,37.419998,4966600,19.85,11609000,23.84,6160700,15.4,12975700,155.470001,2265700,116.269997,2387100,,,320.769989,903745,53.619999,913000,34.290001,4617800,2,3,0,10.063454,8.327651,9.3882236,-.010654449,-.0053024292,-.0098524094,34,1895.11,7.5470324,-.0054726601
04feb2023,04feb2023,23446.320313,15639298538,,,,,,,,,,,,,,,,,,,,,,,,,,,,,,,,,,,,,,,,,,,,,2,4,0,10.062469,,,-.00098514557,,,35,,,
05feb2023,05feb2023,23332.248047,19564262605,,,,,,,,,,,,,,,,,,,,,,,,,,,,,,,,,,,,,,,,,,,,,2,5,0,10.057591,,,-.0048770905,,,36,,,
06feb2023,06feb2023,22954.021484,23825006542,4119.569824,4114240000,11904.410156,5538350000,140.229996,8406200,36.25,29463200,47.259998,15948900,50.400002,16152000,369,1816200,98.449997,4737700,48.939999,4997600,164.070007,1567600,49.91,4637100,119.620003,2541900,37.349998,3962400,19.799999,9251700,23.85,6406100,15.36,9788000,158.509995,1347000,118.129997,2278700,,,316.399994,607808,54.02,1114900,34.099998,7026900,2,6,0,10.041248,8.3235044,9.3846645,-.016343117,,,37,1901.65,7.550477,
07feb2023,07feb2023,22757.267578,27187964471,4105.350098,4355860000,11891.25,5720240000,141.380005,10447900,36.169998,44100200,47.439999,21764800,50.75,14361000,368.170013,2205500,98.76999699999999,5060700,48.66,5809100,162.449997,3890900,49.25,6181900,117.550003,2953500,37.240002,5427500,19.629999,10949900,23.57,6651400,15.34,12364900,157.039993,1186100,116.580002,1954400,,,312.890015,568606,53.860001,1059200,33.279999,5161200,2,7,0,10.03264,8.3200464,9.3835583,-.0086088181,-.0034580231,-.0011062622,38,1890.0199,7.5443425,-.00613451
08feb2023,08feb2023,23263.416016,25371367758,4153.470214999999,4029820000,12069.120117,5052870000,142.649994,6958000,36.41,28032800,47.700001,18070500,50.77,13242300,372.920013,1893200,98.31999999999999,4705200,49.130001,5810000,161.059998,1929500,49.330002,4541300,118.519997,2322100,37.380001,4917000,19.780001,6231500,23.6,14767000,15.45,9641100,158.839996,1053500,115.510002,1942000,,,322.850006,500533,54.259998,2629700,34.02,4962800,2,8,0,10.054637,8.3316994,9.3984051,.021997452,.011652946,.014846802,39,1908.5,7.5540729,.0097303391
09feb2023,09feb2023,22946.566406,32572572185,4144.25,4270200000,12069.099609,5536290000,143.119995,6443100,36.27,35257100,48.470001,17362100,51.349998,16794900,377.040009,2052500,99.220001,4983800,49.389999,5870500,162.350006,1637300,49.07,4139800,117.699997,2180300,37.82,3458200,19.889999,6559200,23.92,6677700,15.5,10169100,159.110001,1602100,116.419998,2257000,,,324.929993,746111,53.68,1376900,33.560001,5137900,2,9,0,10.040923,8.3294773,9.3984041,-.013713837,-.0022220612,-9.5367432e-07,40,1918.8102,7.5594606,.0053877831
10feb2023,10feb2023,21819.005859,27078406594,4068.919922,3891520000,11714.599609,4885030000,139.779999,6582900,35.549999,32898900,47.41,18929000,49.82,16519900,367,1933400,97.589996,5224900,48.599998,5357300,158.210007,1863700,47.799999,5356000,115,1666600,37.09,3994500,19.440001,7777400,23.4,5951900,15.21,7695800,157.070007,841300,114.370003,2013200,,,310.579987,604985,52.389999,1084500,32.48,2919800,2,10,0,9.9905367,8.3111324,9.3685913,-.050386429,-.018344879,-.029812813,41,1868.7898,7.5330462,-.026414394
11feb2023,11feb2023,21651.841797,16356226232,,,,,,,,,,,,,,,,,,,,,,,,,,,,,,,,,,,,,,,,,,,,,2,11,0,9.9828463,,,-.0076904297,,,42,,,
12feb2023,12feb2023,21870.902344,17821046406,,,,,,,,,,,,,,,,,,,,,,,,,,,,,,,,,,,,,,,,,,,,,2,12,0,9.9929123,,,.010066032,,,43,,,
13feb2023,13feb2023,21787,23918742607,4096.620116999999,3448620000,11759.089844,4752880000,141.300003,7134600,35.48,29163900,47.34,16451700,49.990002,11626900,369.089996,1570600,98.459999,4910300,48.669998,4906200,159.029999,1227800,48.380001,4796000,114.970001,2157400,37,2689100,19.370001,6485300,23.610001,6449700,15.17,8589100,158.639999,1185800,115.010002,1173100,,,308.700012,558686,52.439999,1241600,32.310001,4625400,2,13,0,9.989069,8.3179178,9.3723822,-.0038433075,,,44,1874.96,7.5363426,
14feb2023,14feb2023,21801.822266,26792596581,4126.700194999999,3929200000,11808.200195,5032430000,142.5,9249400,35.630001,33625200,47.93,16844400,50.93,16283300,373.940002,2155500,99.05000299999999,7679500,49.099998,4889500,160.360001,1122100,48.91,4131900,116.440002,2831100,37.419998,3047100,19.58,10256400,23.879999,5391900,15.36,9903900,161,1068200,115.720001,2129200,,,309.799988,641970,52.830002,1189700,32.939999,6565200,2,14,0,9.989749,8.3252335,9.3765497,.00067996979,.0073156357,.0041675568,45,1893.3198,7.5460873,.0097446442
15feb2023,15feb2023,22220.585938,32483312909,4119.5,4075980000,11905.120117,5056640000,141.610001,6728300,35.32,23500100,47.919998,12854000,50.84,9216600,368.73999,1687200,99.510002,6464200,48.849998,4227900,159.490005,1813100,48.380001,2771800,113.760002,2097200,36.869999,2656800,19.07,7403600,23.65,5275400,15.22,8182600,159.410004,743900,114.32,1783000,,,308.959991,477471,51.91,951500,32.369999,4573400,2,15,0,10.008775,8.3234873,9.3847237,.019025803,-.0017461777,.0081739426,46,1876.1998,7.5370035,-.0090837479
16feb2023,16feb2023,24307.349609,39316664596,4114.75,4143660000,11896.30957,5159410000,142.910004,8165300,35.419998,22681100,47.599998,12631700,51.349998,9398000,370.75,1947800,99.77999899999999,6051800,48.790001,4900000,158.520004,1781700,48.209999,4783800,112.900002,2284400,36.669998,3508900,19.059999,7485800,23.639999,6166100,15.27,8596400,159.369995,851600,113.919998,2081000,,,308.369995,450039,51.650002,935000,31.58,5062400,2,16,0,10.098534,8.3223333,9.3839836,.089758873,-.0011539459,-.00074005127,47,1875.7603,7.5367694,-.00023412704
17feb2023,17feb2023,23621.283203,41358451255,4077.389893,4045480000,11777.5,4925230000,140.979996,7948800,35.080002,28562700,47.09,13463800,51.259998,12297700,368.049988,1857300,98.900002,8133000,48.419998,5191900,158,1797100,48,4333600,110.889999,2651600,36.580002,3003300,19.030001,8214600,23.6,5687800,15.37,12383900,159.779999,1298900,110.889999,1909700,,,298.429993,1338677,51.279999,1120200,31.200001,4377200,2,17,0,10.069903,8.3132124,9.3739462,-.028630257,-.0091209412,-.010037422,48,1852.8301,7.5244694,-.012300014
18feb2023,18feb2023,24565.296875,19625427158,,,,,,,,,,,,,,,,,,,,,,,,,,,,,,,,,,,,,,,,,,,,,2,18,0,10.10909,,,.039186478,,,49,,,
19feb2023,19feb2023,24640.027344,25555105670,,,,,,,,,,,,,,,,,,,,,,,,,,,,,,,,,,,,,,,,,,,,,2,19,0,10.112127,,,.0030374527,,,50,,,
20feb2023,20feb2023,24336.623047,28987376573,,,,,,,,,,,,,,,,,,,,,,,,,,,,,,,,,,,,,,,,,,,,,2,20,0,10.099737,,,-.012390137,,,51,,,
21feb2023,21feb2023,24833.048828,31252098714,4052.350098,4121590000,11640.370117,5002540000,140.690002,9996300,34.91,37068900,47.07,13652700,50.740002,22899200,366.720001,2403000,98.459999,6556000,48.200001,5793100,156.860001,1843200,48.02,4834300,110.339996,3325300,36.529999,4290800,18.85,10471200,23.540001,7654400,15.34,10887700,159.149994,1825700,109.949997,2131800,,,287.25,586270,50.779999,1364900,30.49,4792900,2,21,0,10.11993,8.3070526,9.3622341,.0201931,,,52,1833.89,7.5141945,
22feb2023,22feb2023,24437.417969,30199996781,4001.830078,4079320000,11517.200195,4671270000,138.919998,11107500,34.360001,38550400,45.950001,13402900,49.889999,14431500,361.630005,2203800,97.370003,5072400,47.700001,4583300,155.240005,2630700,47.169998,5716900,108.57,2120200,36.169998,3799600,18.41,12225400,23.030001,7211100,15.01,15023100,156,1671400,108.989998,1719300,,,285.470001,855058,49.700001,1301100,29.860001,4799700,2,22,0,10.10387,8.294507,9.3515968,-.016059875,-.012545586,-.010637283,53,1809.4399,7.5007725,-.013422012
23feb2023,23feb2023,24190.71875,30476264066,4018.600098,3952940000,11636.929688,4714580000,138.729996,8068000,34.400002,28488000,46.119999,14783600,50.34,12550700,363.200012,1931400,97.87999699999999,5916100,47.869999,4319300,157.869995,3004000,47.490002,7263600,109.580002,2030800,36.150002,4656900,18.370001,10810100,23.049999,6991100,15.01,9539600,155.690002,995700,109.769997,1589500,,,290.589996,619173,49.66,1327400,30.34,3533200,2,23,0,10.093724,8.2986889,9.3619385,-.010146141,.0041818619,.010341644,54,1822.11,7.5077505,.006978035
24feb2023,24feb2023,23946.007813,26811744928,3973.23999,3877700000,11404.179688,4432650000,139.110001,9126900,33.860001,27046600,45.84,16040300,50,14547300,360.170013,2428600,97.150002,5414200,47.209999,4141500,156.509995,1553400,46.310001,5382300,107.559998,1931900,35.669998,3728300,17.98,16929600,22.799999,6375800,14.97,10727700,153.940002,1046600,109.029999,2121500,,,281,649155,48.799999,1296200,29.870001,3449100,2,24,0,10.083557,8.2873373,9.3417349,-.010167122,-.011351585,-.02020359,55,1797.7802,7.494308,-.013442516
25feb2023,25feb2023,23200.125,16100721565,,,,,,,,,,,,,,,,,,,,,,,,,,,,,,,,,,,,,,,,,,,,,2,25,0,10.051913,,,-.031643867,,,56,,,
26feb2023,26feb2023,23174.150391,16644534842,,,,,,,,,,,,,,,,,,,,,,,,,,,,,,,,,,,,,,,,,,,,,2,26,0,10.050793,,,-.0011205673,,,57,,,
27feb2023,27feb2023,23561.451172,22660763494,3992.360107,3836950000,11517.19043,4494000000,142.110001,10014700,34.450001,30137500,46.939999,15468200,50.5,14190200,368.220001,2842400,98.410004,5645000,47.93,4260200,160.070007,1488300,47.540001,4659700,111,1792400,36.720001,4663100,18.290001,8188600,23.4,6826700,15.44,10134800,157.729996,1008900,113.339996,1684800,,,287.589996,583891,50.810001,1167800,30.719999,3640600,2,27,0,10.067368,8.2921381,9.3515959,.01657486,,,58,1841.2098,7.518178,
28feb2023,28feb2023,23521.837891,20535363434,3977.189941,5043400000,11451.049805,5340950000,142.940002,11019800,34.349998,32620600,46.669998,18627200,50.48,12932400,366,4945600,97.120003,6745300,47.700001,6209100,158.559998,2740900,47.240002,6423900,109.440002,2777500,36.389999,5627400,18.200001,13251800,23.43,8711300,15.34,14643200,155.490005,1197500,111.489998,2170500,,,288.5,573215,50.689999,1475200,29.690001,5544400,2,28,0,10.065684,8.288331,9.3458366,-.0016832352,-.0038070679,-.0057592392,59,1829.7198,7.5119181,-.0062599182
01mar2023,01mar2023,23150.929688,24662841200,3963.340088,4249480000,11447.580078,4927530000,142.100006,7139200,34.150002,29281600,46.5,13382200,50.459999,15966000,349.390015,2717400,95.959999,5429600,47.189999,7123400,156.979996,2504800,46.610001,5497100,109.489998,1976200,36.200001,3807600,18.290001,11105800,23.190001,6898600,15.31,11757700,154.360001,1398500,111.389999,1806200,,,284.640015,393543,50.259998,1128600,30.120001,4028200,3,1,1,10.04979,8.2848425,9.3455334,-.015893936,-.0034885406,-.00030326843,60,1802.5901,7.4969797,
02mar2023,02mar2023,23647.019531,20386398516,3938.679932,4244900000,11273.769531,5313760000,142.240005,11106800,33.66,44607200,46.459999,19115000,51.18,18104500,343.98999,3259800,95.449997,4632400,47.18,6437000,153.850006,3523000,46.209999,8375800,106.68,2178700,35.950001,4992500,18.17,15062700,23.120001,9871400,15.18,11208400,153.5,1731800,111.610001,1533500,,,276.390015,746564,49.970001,1528900,29.639999,3307900,3,2,1,10.070992,8.2786007,9.3302336,.021202087,-.0062417984,-.015299797,61,1780.4301,7.4846101,-.012369633
03mar2023,03mar2023,23476.632813,26062404610,3998.02002,4084730000,11524.650391,5102210000,141.509995,9513100,33.650002,39109100,46.02,14947200,51.48,15879900,350.640015,2396200,96.55000299999999,6504000,46.52,4566900,151.610001,2465800,45.900002,5544100,109.150002,1725400,35.830002,4431900,18.08,8788600,23,7674600,15.03,14027400,150.470001,1250900,113.169998,1844000,,,280.339996,357199,48.639999,1499200,30.52,3316900,3,3,1,10.063761,8.2935543,9.3522434,-.0072317123,.014953613,.02200985,62,1788.11,7.4889145,.004304409
04mar2023,04mar2023,22362.923828,11166012913,,,,,,,,,,,,,,,,,,,,,,,,,,,,,,,,,,,,,,,,,,,,,3,4,1,10.01516,,,-.048601151,,,63,,,
05mar2023,05mar2023,22354.144531,13317001733,,,,,,,,,,,,,,,,,,,,,,,,,,,,,,,,,,,,,,,,,,,,,3,5,1,10.014767,,,-.00039291382,,,64,,,
06mar2023,06mar2023,22436.816406,17353192895,4055.149902,4000870000,11736.870117,4982880000,143.440002,9261300,34.240002,36646700,46.880001,14236000,52.360001,12693300,358.059998,1614200,98.44000199999999,5215200,47.18,5604200,153.880005,2454200,46.369999,5702000,109.629997,1758700,36.34,4273000,18.33,11412000,23.4,7120300,15.24,11530800,151.940002,1391500,114.650002,1842000,,,284.829987,542443,49.419998,1644600,30.57,3706400,3,6,1,10.018458,8.3077431,9.3704901,.0036916733,,,65,1815.1998,7.5039511,
07mar2023,07mar2023,22428.322266,22765452204,4048.26001,3922500000,11670.980469,5422820000,142.009995,11747600,33.849998,52855300,46.189999,24056800,51.799999,30953800,355.549988,2048500,98,5461400,46.790001,6072200,151.320007,3520400,45.700001,7193600,107.889999,2823100,36.34,5971500,17.85,21675500,23.15,9243500,15.13,18582400,150.339996,1586500,113.480003,2070000,,,280.390015,830518,48.330002,2200200,30.01,3309800,3,7,1,10.01808,8.3060427,9.3648605,-.0003786087,-.0017004013,-.0056295395,66,1794.1199,7.49227,-.01168108
08mar2023,08mar2023,22216.441406,22536575684,3987.550049,3535570000,11553.089844,5085970000,138,10002500,32.66,40045600,44.259998,14852000,51.060001,12847700,346.190002,1584600,95.63999899999999,4121300,45.549999,4651200,145.169998,2574700,44.150002,5398600,106.050003,2338500,34.34,6381500,17.51,12258700,22.41,14364400,14.46,17392800,144.309998,2294200,111.529999,1551700,,,266.859985,835185,46.66,1725400,29.440001,2745000,3,8,0,10.008588,8.2909327,9.3547087,-.0094919205,-.015110016,-.010151863,67,1736.25,7.4594827,-.032787323
09mar2023,09mar2023,21720.080078,30364664171,3998.659912,4445260000,11578.30957,5061790000,136.759995,25888100,32.279999,112457900,43.439999,33599800,50.580002,29460100,349.200012,3177800,95.360001,9162400,45.110001,10961800,143.979996,4320000,43.290001,13061700,104.68,2790600,33.360001,6313800,17.09,25718500,21.370001,14824900,14.27,20986200,139.009995,2648000,110.419998,1957300,,,176.550003,38746481,45.830002,5340900,29.309999,8593400,3,9,0,9.9859924,8.2937145,9.3568888,-.022595406,.002781868,.0021800995,68,1631.89,7.3974943,-.061988354
10mar2023,10mar2023,20367.001953,39578257695,3912.77002,5518190000,11325.360352,6193500000,128.960007,37599700,30.32,165330900,40.580002,55435400,48.080002,29770800,338.869995,4559700,91.76999699999999,16206500,40.880001,23573700,134.210007,6957800,40.450001,26845600,99.620003,5669100,30.73,16480000,15.45,42348500,20.34,23657200,13.24,43247700,128.720001,4544900,104,3118100,,,106.040001,0,37.689999,11346600,26.719999,13768900,3,10,0,9.9216709,8.2720013,9.3347998,-.064321518,-.021713257,-.022089005,69,1476.6699,7.297545,-.09994936
11mar2023,11mar2023,20187.876953,30180288176,,,,,,,,,,,,,,,,,,,,,,,,,,,,,,,,,,,,,,,,,,,,,3,11,0,9.912838,,,-.0088329315,,,70,,,
12mar2023,12mar2023,20628.029297,29279035521,,,,,,,,,,,,,,,,,,,,,,,,,,,,,,,,,,,,,,,,,,,,,3,12,0,9.9344063,,,.021568298,,,71,,,
13mar2023,13mar2023,22156.40625,49466362688,3835.120117,6558020000,11041.459961,6201490000,131.210007,42901100,28.92,218403300,39.799999,78806900,47,50709200,319.670013,5660700,88.54000099999999,15175400,38.049999,36746000,129.330002,14700700,33.27,61976500,94.67999999999999,7336300,26.709999,48287400,12.24,111197500,14.21,41541700,11.96,79742800,124.5,7864400,99.25,3850100,,,106.040001,0,26.25,26129900,24.58,27704500,3,13,0,10.005882,8.251956,9.309413,.071475983,,,72,1396.2101,7.2415166,
14mar2023,14mar2023,24201.765625,54622230164,3894.01001,5665870000,11357.730469,5533120000,135.279999,29648100,29.99,154255800,41.5,52855100,47.209999,42165900,324.769989,3785900,92.410004,11089300,39.119999,28999400,137.5,8289500,35.400002,46857500,96.91999799999999,5396100,29.15,41568400,13.59,73411900,19.879999,27123800,13.02,67471600,135.149994,4248600,101.839996,3179100,,,106.040001,0,36.18,17257000,24.99,18571000,3,14,0,10.094181,8.2671947,9.3376541,.088298798,.015238762,.028241158,73,1459.9402,7.2861509,.044634342
15mar2023,15mar2023,24770.925781,43655701450,3876.73999,6594010000,11291.169922,5912430000,130.979996,34280600,27.879999,131104400,38.299999,47324600,45.439999,41832800,310.769989,6596700,86.92999999999999,14814000,36.299999,33125800,126.089996,7609800,31.450001,38942600,91.54000099999999,6946200,24.98,37870100,11.46,58652900,18.26,31085300,10.68,71165700,122.75,3629900,97.849998,3334400,,,106.040001,0,29.93,9338700,22.25,15155800,3,15,0,10.117426,8.2627497,9.3317766,.023244858,-.004445076,-.0058774948,74,1369.88,7.2224784,-.063672543
16mar2023,16mar2023,24373.457031,33866061747,3878.929932,5695790000,11384.870117,5498920000,128.009995,24558500,28.379999,108348800,38.630001,40388800,44.66,28877300,309,4399100,84.55000299999999,15342400,35.200001,51459200,124.5,7677700,31.879999,42679800,90.88999899999999,3983200,25.23,37607400,11.61,76220300,17.379999,31920300,10.75,47780600,124.339996,2999300,94.69000199999999,3614000,,,106.040001,0,29.940001,11463500,22.879999,10790100,3,16,0,10.10125,8.2633142,9.3400402,-.016176224,.0005645752,.008263588,75,1358.5599,7.2141805,-.0082979202
17mar2023,17mar2023,25055.123047,50730261335,3958.689941,9354280000,11696.339844,7903090000,128.380005,38396000,28.66,130665500,38.759998,47403800,44.98,37130200,310.089996,6369800,86.489998,19935800,35.5,56442900,127.790001,9095300,32.099998,46869400,92.610001,6716500,25.82,29977200,11.91,70676000,18.219999,40250900,10.62,80446700,126.910004,6635000,94.709999,6380800,,,106.040001,0,31.67,11221700,22.9,10479500,3,17,0,10.128834,8.2836685,9.3670311,.027584076,.020354271,.026990891,76,1374.1599,7.2255979,.011417389
18mar2023,18mar2023,27448.117188,35723036817,,,,,,,,,,,,,,,,,,,,,,,,,,,,,,,,,,,,,,,,,,,,,3,18,0,10.220053,,,.091218948,,,77,,,
19mar2023,19mar2023,26969.503906,37769448859,,,,,,,,,,,,,,,,,,,,,,,,,,,,,,,,,,,,,,,,,,,,,3,19,0,10.202462,,,-.017590523,,,78,,,
20mar2023,20mar2023,28041.601563,44774027664,3917.469971,5347140000,11614.389648,4970630000,126.989998,22875500,28.24,81441200,38.119999,34283700,44.709999,31899900,306.779999,3963700,84.599998,8649800,34.529999,43046500,126.110001,5179800,31.040001,26558000,90.959999,4952500,25.690001,22426200,11.96,28571500,18.33,21455400,10.58,30271000,125.07,3044300,93.63999899999999,3135900,,,106.040001,0,30.85,7680700,22.719999,19236400,3,20,0,10.241445,8.273201,9.3599997,.038982391,,,79,1356.96,7.2130022,
21mar2023,21mar2023,27768.392578,36102192830,3975.889893,4920240000,11764.790039,4829870000,130.589996,17807800,28.629999,84854800,38.599998,34664700,45.57,29835600,317.619995,3242400,88.230003,8905600,36,34821400,131.5,4103900,32.23,27948700,93.900002,4360500,27.360001,16433000,12.09,34458700,18.76,21495400,11.11,34061900,126.620003,2805500,97,2341800,,,106.040001,0,31.73,9474400,24.5,12690300,3,21,0,10.231654,8.2880039,9.3728666,-.0097904205,.014802933,.012866974,80,1398.0801,7.2428551,.029852867
22mar2023,22mar2023,28158.720703,33382021890,4002.040039,4533010000,11857.5,4981590000,130.559998,17250200,28.709999,76925900,38.709999,22994400,45.18,21672000,317.279999,2505900,88.75,7299300,37.5,28376900,130.580002,4249900,33.709999,28020600,94.80000299999999,2689900,27.360001,10570600,12.68,27915300,18.870001,19665600,11.22,25852000,127.57,2660600,98.26999699999999,1721900,,,106.040001,0,32.290001,7014400,25.209999,9200000,3,22,0,10.245612,8.2945595,9.3807163,.013957977,.0065555573,.0078496933,81,1405.29,7.2479992,.0051441193
23mar2023,23mar2023,27301.957031,24220433689,3959.209961,4991600000,11811.320313,4917460000,127.900002,16677600,28,105335900,37.490002,30239900,44.310001,24112600,315.209991,2585900,87.949997,9373000,35.029999,26061900,125.580002,5851300,32.68,21065000,91.339996,4584000,26.35,10006700,12.22,32445400,17.91,26435400,10.75,38668600,118.510002,2990200,95.01999699999999,2455900,,,106.040001,0,30.389999,9700700,24.549999,7406000,3,23,0,10.214714,8.2838001,9.3768139,-.030898094,-.010759354,-.0039024353,82,1367.23,7.220542,-.027457237
24mar2023,24mar2023,28324.111328,25980310960,3939.209961,4583970000,11747.620117,4363650000,125.629997,22311100,26.6,96872700,36,35694800,42.84,25453900,310.149994,2456700,84.510002,10978700,34.34,18619300,120,4137300,32.040001,18651900,88.099998,3069100,24.940001,11000000,11.04,28743000,17.23,11571000,10.51,21344900,110.760002,3069300,91.80000299999999,1924500,,,106.040001,0,27.33,10732600,23.67,6692400,3,24,0,10.251469,8.2787352,9.3714056,.036754608,-.0050649643,-.005408287,83,1323.53,7.1880579,-.032484055
25mar2023,25mar2023,27487.337891,13383005987,,,,,,,,,,,,,,,,,,,,,,,,,,,,,,,,,,,,,,,,,,,,,3,25,0,10.22148,,,-.029988289,,,84,,,
26mar2023,26mar2023,27495.523438,13878363192,,,,,,,,,,,,,,,,,,,,,,,,,,,,,,,,,,,,,,,,,,,,,3,26,0,10.221779,,,.00029850006,,,85,,,
27mar2023,27mar2023,27994.068359,18188895178,3982.929932,4233540000,11868.540039,4330320000,126.790001,18853900,27.93,102469800,37.02,27454600,44.060001,29335200,318.619995,2300600,86.05999799999999,6626900,36.669998,19966700,128.720001,3467100,34.099998,19298700,93.27999899999999,2466900,26.51,9563400,12.9,26704600,18.52,20207200,11.19,24809600,120.07,2421200,95.12999699999999,1788400,,,106.040001,0,29.879999,7964100,25.174999,6610800,3,27,0,10.239748,8.289773,9.3816462,.017969131,,,86,1378.665,7.2288709,
28mar2023,28mar2023,27132.888672,17783600385,3974.129883,4014600000,11752.759766,4036910000,128.710007,10820500,28.379999,63416500,37.360001,15270000,44.720001,16206000,319.089996,1224300,84.55999799999999,5209900,34.77,15681700,124.480003,2703800,33.049999,11571400,90.709999,1941700,26.1,5926400,12.45,22110900,18.24,8968700,11.11,14751700,118.660004,1757900,94,1323100,,,.53,84502118,29.379999,3636300,24.235001,5787500,3,28,0,10.208502,8.2875614,9.3718433,-.031246185,-.0022115707,-.0098028183,87,1260.535,7.1392918,-.089579105
29mar2023,29mar2023,27267.03125,20684945906,3999.530029,4145250000,11855.589844,4493540000,130.100006,14595300,28.49,62666400,37.599998,20789100,45.59,15047000,322.5,1475900,85.92999999999999,4873500,36.060001,14776400,128.970001,2575600,33.869999,12912100,92.959999,2629800,26.75,7051100,12.6,16516100,18.620001,14269700,11.25,14239500,120.5,1567900,95.989998,2132300,,,.39,67419705,30.5,3196000,24.559999,3045300,3,29,0,10.213433,8.293932,9.3805552,.0049314499,.0063705444,.0087118149,88,1283.2301,7.1571355,.017843723
30mar2023,30mar2023,28350.140625,22435349951,4046.73999,3930860000,12010.450195,4738880000,129.949997,12134700,28.92,67427100,38.299999,22340400,46.48,14226400,324.559998,1456300,87.260002,4113700,36.18,13539900,131.089996,3064200,34.990002,13962000,95.51999699999999,3410900,27.209999,7973300,12.93,17406100,18.93,15355000,11.51,15931100,123.919998,2210100,98.63999899999999,1266200,,,1.35,55242876,31.469999,3683800,25.27,5577600,3,30,0,10.252387,8.3056669,9.3935328,.038953781,.011734962,.0129776,89,1304.48,7.1735597,.016424179
31mar2023,31mar2023,28032.261719,19001327598,4056.179932,4525120000,12031.540039,5521150000,129.660004,13105200,28.620001,56482100,37.73,30287900,46.599998,16009200,323.470001,2281100,86.80000299999999,6142400,35.810001,15541700,128.449997,3600500,34.240002,12628200,94.94000199999999,2533900,26.6,7367200,12.54,13592600,18.549999,12739500,11.26,15360500,120.970001,2082600,98.720001,2262400,,,.9099999999999999,29616549,30.51,5143300,25.325001,3093200,3,31,0,10.241112,8.3079967,9.3952866,-.011275291,.0023298264,.0017538071,90,1291.7048,7.1637182,-.0098414421
01apr2023,01apr2023,28473.332031,10876469901,,,,,,,,,,,,,,,,,,,,,,,,,,,,,,,,,,,,,,,,,,,,,4,1,1,10.256723,,,.015611649,,,91,,,
02apr2023,02apr2023,28462.845703,12284641999,,,,,,,,,,,,,,,,,,,,,,,,,,,,,,,,,,,,,,,,,,,,,4,2,1,10.256355,,,-.00036811829,,,92,,,
03apr2023,03apr2023,28183.080078,19556501327,4102.200194999999,4234700000,12146.089844,4816440000,129.910004,11775400,28.639999,51996800,37.52,21541000,47.139999,16633100,326.140015,1808800,87.949997,7728400,36.200001,12209800,126.910004,4845300,33.990002,15191400,96.05000299999999,2060300,26.940001,8099900,12.54,13716500,18.629999,14968000,11.27,17960900,120.660004,1728000,98.88999899999999,1621800,,,.877,16018917,30.290001,4615100,25.610001,4125300,4,3,1,10.246477,8.3192787,9.4047623,-.0098781586,,,93,1296.1571,7.1671591,
04apr2023,04apr2023,27795.273438,15284538859,4128.029785,4227800000,12208.490234,4298760000,130.5,11579900,28.549999,56233300,37.700001,21942700,46.900002,15542400,326.820007,1536800,87,6222800,36.189999,12238700,125.879997,3480100,33.509998,18545100,97.449997,2927200,26.530001,9332300,12.45,27870700,18.68,11644200,11.23,17010600,120.230003,1505300,100.239998,1840500,,,.99,6836192,29.17,6001600,25.85,7406300,4,4,1,10.232621,8.3255558,9.4098873,-.013855934,.0062770844,.0051250458,94,1295.8701,7.1669378,-.00022125244
05apr2023,05apr2023,28169.726563,17052315986,4094.5,3968020000,12081.759766,4378590000,126.800003,9614700,27.66,47799400,36.5,15486900,45.470001,11739100,319.619995,1329300,83.83000199999999,6045400,34.830002,12734700,120.809998,3550000,31.59,11581800,95.599998,2853800,25.110001,7879200,11.51,29540100,18.129999,9358500,10.76,16483100,115.489998,1392200,97.19000199999999,1971600,,,.968,4847379,27.73,9830300,25.32,4561800,4,5,1,10.246003,8.3174,9.3994522,.013381958,-.0081558228,-.010435104,95,1254.918,7.1348257,-.032112122
06apr2023,06apr2023,28175.226563,13837809380,4081.149902,3486690000,11939.080078,3862800000,127,8760200,27.719999,41216600,37.110001,23484900,45.799999,11918100,320.380005,1311000,83.900002,3877800,35.25,12008400,120,3507200,32.169998,10843400,94.900002,2045900,26.49,8396400,11.57,20436900,18.299999,6509300,11.15,14406000,117.779999,1473500,97.52999899999999,1770000,,,.9289999999999999,6573026,28.5,5853000,25.790001,4970800,4,6,1,10.246199,8.3141336,9.3875723,.00019550323,-.0032663345,-.011879921,96,1262.269,7.140666,.0058403015
07apr2023,07apr2023,28038.966797,10861680497,,,,,,,,,,,,,,,,,,,,,,,,,,,,,,,,,,,,,,,,,,,,,4,7,1,10.24135,,,-.0048484802,,,97,,,
08apr2023,08apr2023,27920.513672,9373255556,,,,,,,,,,,,,,,,,,,,,,,,,,,,,,,,,,,,,,,,,,,,,4,8,1,10.237117,,,-.0042333603,,,98,,,
09apr2023,09apr2023,27952.367188,12175322951,,,,,,,,,,,,,,,,,,,,,,,,,,,,,,,,,,,,,,,,,,,,,4,9,1,10.238257,,,.0011405945,,,99,,,
10apr2023,10apr2023,28336.027344,19282400094,4085.199951,3423650000,11975.129883,4334070000,126.540001,9477300,27.67,40572700,37.700001,27005800,45.790001,11777100,322.399994,1114400,83.949997,6185800,35.799999,10547700,121.220001,3234800,32.5,11562900,93.400002,2421900,26,7407700,11.95,15544600,18.299999,7980100,11.1,16774200,116.669998,1131200,96.360001,1237200,,,.8076,13370634,29.129999,3738400,25.93,4189600,4,10,1,10.251889,8.3151264,9.3905869,.013631821,,,100,1263.2177,7.1414175,
11apr2023,11apr2023,29653.679688,20121259843,4110.290039,3665830000,12080.240234,4676960000,128.300003,10516300,28.02,58761200,38.77,25116100,46.669998,14177300,326.049988,1559600,84.29000099999999,5582100,35.639999,11927800,122.099998,2726500,33.18,8744700,96.12999699999999,2899600,26.42,5048200,12.13,13120100,18.450001,5228400,11.3,10479400,117.43,1590000,99.16999799999999,1776800,,,.62,2875857,30.120001,4394000,26.67,4967600,4,11,1,10.297341,8.321249,9.3993263,.045452118,.0061225891,.0087394714,101,1281.4601,7.1557555,.014338017
12apr2023,12apr2023,30231.582031,18651929926,4121.720214999999,3633120000,12110.870117,4909770000,129.179993,11821000,28.68,44313300,39.419998,20252900,47.48,14330900,331.720001,1862400,85.510002,4641800,35.779999,11586300,123.050003,4446300,33.84,11729800,99.29000099999999,3419200,26.67,4466800,12.32,15568600,18.530001,6426100,11.44,14995200,118.779999,1242400,101.139999,1496000,,,.6,2372428,30.209999,3252000,27.41,6792700,4,12,1,10.316643,8.3240261,9.4018583,.019301414,.0027770996,.0025320053,102,1301.05,7.170927,.015171528
13apr2023,13apr2023,29892.740234,17487721001,4100.040039,3596590000,11997.419922,4942990000,128.460007,12450200,28.559999,52261400,39.32,22397800,46.900002,15578900,330.079987,1765500,85.389999,5086000,35.330002,12799100,120,4856200,33.41,11658300,95.55999799999999,2438900,26.700001,5105500,12.12,12360600,18.34,9528000,11.3,14317400,116.099998,1811000,99.54000099999999,1461500,,,.5649999999999999,1875338,30.459999,3178100,26.379999,4536200,4,13,1,10.305371,8.3187523,9.3924465,-.011271477,-.005273819,-.0094118118,103,1284.515,7.1581364,-.01279068
14apr2023,14apr2023,30409.5625,22659995079,4140.109863,3575690000,12117.910156,4655740000,135.149994,43931300,29.299999,81110800,39.75,40963100,48.169998,33064500,336.529999,2275700,86.42999999999999,7865900,36.200001,16186300,121.5,12921100,34.279999,14777800,97.77999899999999,2752800,27.1,5790800,12.55,16962100,18.719999,15091600,11.56,13932800,118.629997,2757900,102.099998,1575200,,,.59,1730522,31.84,3963900,27.209999,3865700,4,14,1,10.322513,8.3284779,9.4024401,.017141342,.0097255707,.0099935532,104,1315.3899,7.1818886,.023752213
15apr2023,15apr2023,30490.75,11940685378,,,,,,,,,,,,,,,,,,,,,,,,,,,,,,,,,,,,,,,,,,,,,4,15,1,10.325179,,,.0026664734,,,105,,,
16apr2023,16apr2023,30315.976563,12854816417,,,,,,,,,,,,,,,,,,,,,,,,,,,,,,,,,,,,,,,,,,,,,4,16,1,10.31943,,,-.0057487488,,,106,,,
17apr2023,17apr2023,30317.146484,17872186762,4137.169922,3611180000,12108.230469,4823180000,139.949997,16050500,29.77,83704400,39.830002,31445100,49.759998,19590400,336,3012100,86.660004,8876900,34.799999,22419300,120.18,6292900,33.27,15347600,95.510002,2505400,26.33,8611000,12.01,57505900,18.41,10018200,11.49,16107100,116,5167200,100,2380900,,,.585,1203277,29.809999,4398500,26.43,4965800,4,17,1,10.319468,8.3277674,9.4016409,.000038146973,,,107,1306.7952,7.175333,
18apr2023,18apr2023,29449.091797,19480529496,4164.259766,3536640000,12234.55957,4851810000,140.270004,13760100,30.799999,114498800,41.209999,27892300,49.93,16616200,328,7549500,89.129997,10227600,35.599998,19052200,125.089996,4718800,34.02,13691100,98,2549400,27.469999,6875600,12.33,38198400,18.9,7978800,11.73,18141000,126.489998,2029800,102.5,2152000,,,.5334,1017980,31.110001,3864400,26.98,10135000,4,18,1,10.290419,8.3342934,9.4120197,-.029049873,.0065259933,.010378838,108,1330.0933,7.1930041,.017671108
19apr2023,19apr2023,30394.1875,24571565421,4139.330078,3572560000,12063.679688,4972700000,141.229996,9158100,30.129999,65594200,41.970001,23310500,49.73,14894000,332.980011,2625400,87.139999,13886200,35.509998,20970200,124.599998,5967200,34.07,17410500,98.099998,2191200,27.24,7984200,12.25,47773400,18.959999,11377500,11.65,15951900,126.190002,1981200,104.029999,2386300,,,.5599999999999999,10192400,31.030001,7933500,26.889999,7629600,4,19,1,10.322006,8.328289,9.3979549,.031587601,-.0060043335,-.014064789,109,1334.2601,7.1961322,.0031280518
20apr2023,20apr2023,28823.683594,21340360360,4130.47998,3772080000,12039.080078,4590530000,139.910004,10586200,29.84,43193800,41.869999,19265500,49.810001,20410200,334.950012,2217900,89.849998,6776000,35.450001,21609500,126.599998,3720500,33.790001,11668400,97.699997,2247200,27.540001,10302600,11.6,37369500,18.93,9404900,11.9,15658600,128,1328500,104.150002,3708300,,,.755,4537117,31.129999,8219000,26.91,7683200,4,20,1,10.268952,8.326149,9.3959131,-.053053856,-.0021400452,-.0020418167,110,1340.6851,7.2009358,.0048036575
21apr2023,21apr2023,28249.230469,20759504330,4132.140136999999,3611750000,12046.030273,4868050000,139.740005,11842500,29.75,44759000,41.209999,23975300,48.959999,14377300,339,2278900,90.480003,6531000,34.290001,28303000,124.739998,3537900,33.169998,22814800,96.870003,2540800,27.98,8428600,11.9,25192400,18.379999,16786400,11.59,13493200,123.989998,1210100,104.870003,2275700,,,.6649999999999999,1795485,30.870001,6261300,26.09,7063600,4,21,1,10.248821,8.3265505,9.3964901,-.020131111,.00040149689,.00057697296,111,1334.5449,7.1963458,-.0045900345
22apr2023,22apr2023,27265.894531,13125734602,,,,,,,,,,,,,,,,,,,,,,,,,,,,,,,,,,,,,,,,,,,,,4,22,1,10.213392,,,-.035429001,,,112,,,
23apr2023,23apr2023,27816.144531,12785446832,,,,,,,,,,,,,,,,,,,,,,,,,,,,,,,,,,,,,,,,,,,,,4,23,1,10.233372,,,.019979477,,,113,,,
24apr2023,24apr2023,27591.730469,17703288330,4132.069824,3290940000,12053.469727,4854050000,140.460007,7567500,29.790001,28020300,41.130001,17327800,49.029999,11208800,341.98999,1966300,91.230003,5004400,33.27,16238100,124,2333600,31.5,12735900,96.489998,1404300,27.43,5078700,11.55,23021700,18.08,10149700,11.45,14696900,124.019997,1161600,105.519997,1218200,14.27,90165120,.7111,2424161,29.35,5176900,26.209999,4278800,4,24,1,10.225271,8.3265333,9.3971081,-.0081005096,,,114,1347.481,7.2059922,
25apr2023,25apr2023,27514.873047,17733373139,4126.430176,3978640000,11968.80957,4806020000,139.600006,10629300,29.450001,49718800,40.700001,20728000,48.5,15374000,341,2138200,89.63999899999999,5806700,32.400002,22540100,122.440002,4996000,31.23,11361700,94.87999699999999,2635200,26.51,9259100,10.89,31905400,17.98,14267800,11,18822200,122.550003,1891500,103.519997,1541400,12.21,193018300,.72,3202509,27.76,6228700,25.73,4689600,4,25,1,10.222482,8.3251677,9.3900595,-.0027894974,-.0013656616,-.0070486069,115,1328.7101,7.1919637,-.014028549
26apr2023,26apr2023,28300.058594,31854242019,4087.780029,3837030000,11913.230469,5281970000,137.619995,14416100,28.76,45848400,40.240002,26915600,47.799999,16984600,337.579987,2041900,88.150002,6429100,31.68,17133300,123.449997,6547400,30.389999,12232000,95.199997,2271400,25.690001,6691000,10.58,23788900,17.77,8273100,10.9,16139300,119.989998,1287900,101.870003,1252500,7.12,190394300,.6,1319433,26.940001,4083000,25.83,2826000,4,26,1,10.250619,8.3157578,9.3854046,.028137207,-.0094099045,-.0046548843,116,1308.1599,7.1763768,-.015586853
27apr2023,27apr2023,28428.464844,27153445027,4075.290039,3750550000,11972.150391,5253710000,136,9041100,28.52,33060100,39.529999,21695800,47.040001,16541400,340.140015,1768200,89.410004,6375800,31.6,19428200,128.660004,3124400,30.68,11092900,95.05000299999999,5042900,25.74,5741400,10.55,20468700,17.790001,7509900,10.92,10426300,121.790001,1102000,101.550003,1312900,5.649999999999999,83275570,.594,1112827,26.360001,3760300,26.110001,4238400,4,27,1,10.255146,8.3126974,9.3903389,.004527092,-.0030603409,.0049343109,117,1313.6841,7.1805906,.00421381
28apr2023,28apr2023,29481.013672,17544464887,4129.629883,4087800000,12117.540039,5331380000,136.559998,9881800,28.530001,45532800,39.25,20189300,46.189999,15216400,340.049988,1712500,89.449997,6374500,32.200001,25215200,126.709999,3942000,31.08,15198800,93,5343400,25.629999,6456700,10.81,19577100,17.860001,8922300,11.1,17237600,123,1419800,100.660004,1491600,6.59,176848300,.5619999999999999,3454430,26.389999,5652000,25.57,3269500,4,28,1,10.291502,8.325943,9.4024096,.036355972,.013245583,.012070656,118,1311.192,7.1786919,-.0018987656
29apr2023,29apr2023,29336.566406,10662634333,,,,,,,,,,,,,,,,,,,,,,,,,,,,,,,,,,,,,,,,,,,,,4,29,1,10.28659,,,-.0049123764,,,119,,,
30apr2023,30apr2023,29245.515625,14652199272,,,,,,,,,,,,,,,,,,,,,,,,,,,,,,,,,,,,,,,,,,,,,4,30,1,10.283482,,,-.0031080246,,,120,,,
01may2023,01may2023,29227.103516,18655599976,4166.790039,3321370000,12210.049805,5168430000,142.259995,20415800,29.5,34076800,40.490002,26564300,47.880001,18314800,344.049988,1375000,90.19000199999999,7745400,34.25,19095200,126.480003,9064200,32.43,10780000,97.29000099999999,3047300,26.15,7371400,11.21,23150000,18.24,11478200,11.21,14412600,125.07,1512000,103.43,2075200,,,.471,1859159,27.940001,4105000,26.33,2345900,5,1,1,10.282852,8.3349009,9.4100151,-.00062942505,,,121,1334.8708,7.1965899,
02may2023,02may2023,28087.175781,16432924527,4164.100098,4486130000,12198.019531,5501410000,141.399994,14113400,28.85,70797700,40.009998,36239500,46.82,19450100,339.01001,2397600,87.56999999999999,6319100,32.939999,28994600,123.25,8595100,31.27,21140800,91.699997,6385600,25.65,12006600,10.7,44634700,17.77,11862500,10.93,26016500,121.199997,2988500,98.620003,2527300,,,.52255,1106094,26.66,18557300,25.950001,5221200,5,2,1,10.243069,8.3342552,9.409029,-.039783478,-.00064563751,-.00098609924,122,1300.8226,7.170752,-.025837898
03may2023,03may2023,28680.494141,19122972518,4122.25,4246510000,12097.040039,5782160000,138.440002,12930900,28.16,51139500,39.029999,25202700,46.130001,14533500,332.359985,1825400,86.400002,6546500,30.790001,23759800,120.089996,5764500,29.57,21667000,89.88999899999999,4820500,24.620001,8887800,9.83,34854400,16.780001,13947600,10.4,17779700,117.980003,2254800,95.44000199999999,2243600,.396,220562300,.48,1610293,24.33,9993700,25.27,4620600,5,3,1,10.263972,8.3241549,9.4007158,.020903587,-.010100365,-.008313179,123,1266.386,7.1439223,-.02682972
04may2023,04may2023,29031.304688,15548678514,4082.550049,4920090000,11997.339844,4745780000,134.960007,17089200,27.58,82173800,37.68,53247000,45.040001,20601800,325.950012,2965100,84.16999799999999,10359200,28.5,48099600,113.379997,6975900,27.23,37831300,86.709999,5271300,23.17,18801200,8.779999999999999,57354500,15.79,24716400,9.779999999999999,45813300,112.379997,4063200,94.54000099999999,1939700,.3453,54979640,.461,3660588,21.790001,25523000,24.450001,6320500,5,4,1,10.27613,8.314477,9.3924398,.01215744,-.009677887,-.0082759857,124,1222.6864,7.1088057,-.035116673
05may2023,05may2023,28851.480469,17936566518,4084.72998,4186270000,12073.030273,4574790000,136.440002,11259100,27.620001,50050100,37.459999,27036200,45.799999,13380500,325.059998,2412900,83.79000099999999,8286500,30.68,28222000,116.610001,4790100,27.43,24198600,87.449997,2692200,24.52,12577900,9.98,32452800,16.459999,14479600,9.859999999999999,28412800,118.75,2045800,94.739998,1675600,.28,37913710,.413,1440614,23.290001,14680200,25.09,4806800,5,5,1,10.269917,8.315011,9.3987293,-.0062131882,.00053405762,.0062894821,125,1241.7229,7.1242552,.015449524
06may2023,06may2023,29538.859375,15913866714,,,,,,,,,,,,,,,,,,,,,,,,,,,,,,,,,,,,,,,,,,,,,5,6,1,10.293462,,,.023545265,,,126,,,
07may2023,07may2023,28901.623047,11301355486,,,,,,,,,,,,,,,,,,,,,,,,,,,,,,,,,,,,,,,,,,,,,5,7,1,10.271653,,,-.021808624,,,127,,,
08may2023,08may2023,28450.457031,19122903752,4136.97998,3641640000,12231.679688,4216360000,137.490005,7483600,28.08,34193700,38.43,22731400,46.880001,8758200,329.640015,1607300,85.480003,5823800,31.51,22297500,118,2867100,29.74,16555300,88.80999799999999,3118000,25.559999,9237400,10.05,20400600,16.9,9315800,10.08,13031500,120.5,1145300,96.650002,1308900,.3485,23037020,.4645,972032,25.309999,12033600,25.5,3836000,5,8,1,10.255919,8.3277216,9.4117842,-.015733719,,,128,1265.4231,7.1431618,
09may2023,09may2023,27680.283203,16167803904,4124.25,792744747,12195.799805,1758049000,135.929993,2769707,27.42,14635915,37.939999,7103507,45.91,5038597,325.040009,406960,84,1495575,29.4,7082620,115.650002,1094734,28.33,4591221,87.989998,540976,24.110001,1604260,9.529999999999999,5877753,16.120001,3632225,9.65,5776446,115.345001,298814,95.900002,200953,,,,,23.9,2120449,24.6,858262,5,9,1,10.228476,8.3246393,9.4088469,-.027443886,-.0030822754,-.0029373169,129,1236.7651,7.1202545,-.022907257
